Gene Symbol,1 HN,1 ADH,1 DCIS,2 HN,2 ADH,2 DCIS,3 HN,3 ADH,3 DCIS,4 HN,4 SH,4 ADH,4 DCIS,5 HN,5 ADH,5 DCIS
 145kD (SF3B2),311.6,436.8,436.6,581.3,518.9,922.3,135.4,146.1,113.7,237.8,111.2,234.7,184.1,183.8,109.7,194.8
 150170kD) (EIF3S10),264.1,736.2,827.3,942.9,1311.7,1319.4,647.7,1033.4,313.4,66.7,101.1,105.2,59.6,692.8,687.9,1335.8
 150170kD) /FL=gb:D50929.1 gb:U58046.1 gb:U78311.1 gb:NM_003750.1,335.70000000000005,435.65000000000003,531.6,177.05,167.60000000000002,205.65,200.8,252.1,125.10000000000001,172.65,144.2,156.3,116.89999999999999,242.89999999999998,185.4,326.7
 2-oxoglutarate 4-dioxygenase (proline 4-hydroxylase),1502.1,2865.2,3363.5,2076.3,1722.9,2905.8,1409.4,3266.7,1354.2,846.7,609.7,2063.6,2063.9,1510.2,1134.3,2270.1
 200 kDa (DEXH RNA helicase family),827.2,1220.7,1359.1,659.9,536.6,710.9,813.3,616.4,390.8,627.7,510.5,658.0,868.2,837.5,727.0,1059.6
 23 kD,402.9,1497.8,1670.0,658.2,789.1,987.5,774.8,896.6,579.8,213.2,190.9,272.7,170.5,1297.6,1056.5,1542.6
 37kD) /FL=gb:M94630.1,407.6,802.9,1014.8,650.4,696.4,668.8,498.1,447.5,264.5,317.8,194.0,297.5,269.7,589.6,389.8,684.9
 47kD) (EIF3S5),599.4,824.4,892.2,878.4,842.9,1246.2,491.5,500.3,296.3,391.0,210.9,234.3,212.8,1049.1,655.7,949.6
 6667kD) (EIF3S7),1024.3,692.9,872.5,735.9,717.7,1048.8,516.9,333.1,264.3,371.0,247.6,252.8,197.7,460.6,228.4,339.7
 F (PTPRF),1036.9,1699.9,2040.3,1478.6,1840.7,2514.1,1862.3,1867.8,1175.5,940.6,681.4,798.1,1257.8,2064.6,1784.0,2222.2
 F /FL=gb:NM_002840.1,151.9,153.20000000000002,178.15,477.5,703.55,1120.7,154.54999999999998,177.29999999999998,124.6,142.6,92.30000000000001,229.35,338.5,310.45,205.6,239.75
 H,364.0,502.0,531.1,346.9,358.1,564.5,309.7,568.6,269.7,212.2,187.2,342.3,455.6,575.3,394.5,670.4
 H+ transporting,306.9,566.8,787.4,181.9,294.2,484.0,186.7,379.1,171.4,191.4,159.5,319.0,315.3,261.2,221.6,330.3
 TLX,740.1,996.0,1104.5,1805.6,1311.0,1824.7,1540.3,1413.9,861.4,422.4,350.1,476.3,556.5,1785.1,1127.7,1665.0
 a gene for protein similar to RPS3A (ribosomal protein S3A),1562.5,2108.4,2497.6,2210.3,2712.3,2424.9,1259.3,1078.0,729.8,754.7,430.6,371.5,332.6,2696.5,1863.7,2822.4
 alpha,503.5,548.8,746.4,1381.4,1006.5,2260.8,911.5,850.7,502.4,250.6,238.5,265.5,267.1,1305.3,712.9,1155.9
 alpha 4 /FL=gb:NM_004924.2 gb:BC005033.1 gb:D89980.1 gb:U48734.1,326.8,260.3,316.9,86.0,72.4,164.4,78.9,71.2,49.2,229.8,211.3,302.9,374.2,77.8,68.7,81.3
 beta /FL=gb:BC004928.1 gb:M16660.1 gb:NM_007355.1 gb:AF275719.1,298.2,597.8,573.9,545.8,413.6,564.2,206.2,260.5,162.5,141.8,89.5,223.9,167.9,456.1,192.6,435.0
 beta polypeptide (protein disulfide isomerase; thyroid hormone binding protein p55) (P4HB),76.9,199.0,208.8,88.8,100.5,141.8,42.1,64.5,47.5,47.3,42.7,96.8,130.0,62.6,47.7,67.9
 beta type,494.5,867.1,915.9,207.8,148.3,271.8,185.1,276.3,116.6,257.1,196.8,356.1,472.6,309.7,146.6,308.7
 cAMP-dependent,51.2,146.4,152.0,78.6,87.0,105.4,68.1,117.9,102.4,31.2,42.7,51.4,71.7,118.0,114.5,219.6
 clone COL02374,645.5,2035.2,2153.3,1160.1,1860.9,2332.1,623.5,1116.5,471.8,235.5,351.1,818.0,433.3,722.6,760.1,1346.2
 clone MGC:10618,321.2,421.8,494.9,175.4,172.4,304.8,91.2,116.6,63.9,278.1,193.3,304.0,494.6,78.3,84.2,99.9
 clone MGC:1992,354.1,579.2,576.5,406.6,421.3,462.1,383.8,427.9,242.5,180.7,139.2,352.2,329.0,193.8,191.9,228.3
 clone MGC:4376,97.9,116.2,137.0,124.4,85.8,118.2,78.8,93.4,60.6,68.4,78.7,72.5,79.3,58.6,59.3,75.6
 clone MGC:5416,198.0,1329.7,1221.4,641.5,836.9,1110.4,288.0,246.6,203.5,68.7,98.0,171.0,109.1,835.3,794.4,1188.7
 clone MGC:782,268.3,277.9,343.4,173.7,219.0,364.8,102.2,152.8,103.5,238.9,182.4,311.4,549.4,125.5,77.5,116.1
 clone MGC:8341,443.1,738.2,1371.6,152.5,169.3,410.4,66.2,90.1,56.3,323.2,177.4,380.4,478.5,280.7,214.3,233.2
 clone MGC:8479,70.7,113.8,94.7,31.8,31.3,53.1,49.0,63.3,28.7,51.2,22.5,62.0,94.3,61.0,21.3,51.2
 clone MGC:8595,1391.3,1747.4,2272.5,1808.8,1912.4,2328.7,1575.8,1490.9,903.7,651.1,583.4,539.7,511.0,2348.4,1359.3,2112.7
 complete cds,2.8,6.3,28.6,22.0,11.9,5.2,11.3,5.4,16.0,8.9,4.4,3.9,10.3,31.3,15.4,21.8
 cysteine-rich (osteonectin) (SPARC),396.7,1761.6,2900.6,1158.3,1085.3,1381.7,684.4,315.4,324.5,202.9,133.1,1276.7,391.4,985.8,1019.9,1572.6
 delta) /FL=gb:M27319.1 gb:NM_006888.1,137.8,203.7,261.1,104.9,108.9,158.4,164.9,151.3,126.2,55.9,35.3,95.4,91.6,138.6,101.6,192.5
 down-regulator of HLA II /FL=gb:NM_006083.2 gb:AF182645.1,198.4,439.3,471.2,238.3,281.4,267.7,188.7,221.8,111.6,127.0,96.6,137.0,91.7,272.1,202.9,329.8
 elongin B) (TCEB2),452.5,562.8,789.3,197.2,191.2,386.9,120.3,180.1,89.6,306.8,204.9,365.9,633.3,118.2,160.1,174.7
 highly similar to HUML12A Human ribosomal protein L12 mRNA.  /FEA=mRNA /DB_XREF=gi:10439364 /UG=Hs.182979 ribosomal protein L12,8067.6,5435.5,7130.4,7295.7,7586.4,9426.7,7472.7,7845.3,3965.8,4525.4,3686.2,3579.1,4025.9,5738.5,4080.2,5289.8
 lysosomal (vacuolar proton pump) 9kD,207.5,706.0,959.0,483.0,573.6,763.4,380.2,572.3,374.2,106.9,80.2,139.1,107.4,733.4,523.6,1044.4
 mRNA.  /FEA=mRNA /GEN=AP2B1 /PROD=adaptor-related protein complex 2,151.5,249.0,296.8,151.5,92.4,156.8,70.1,109.3,86.0,95.4,107.1,81.4,83.2,106.5,86.0,121.5
 mRNA.  /FEA=mRNA /GEN=AP2M1 /PROD=adaptor-related protein complex 2,113.6,231.8,202.1,299.6,197.2,369.0,66.4,53.2,54.5,65.9,32.2,116.9,124.5,139.2,55.0,133.1
 mRNA.  /FEA=mRNA /GEN=APP /PROD=amyloid beta (A4) precursor protein (proteasenexin-II,1428.0,1386.4,1790.7,1590.1,1831.2,1526.8,1571.6,1620.4,1108.2,776.8,767.0,970.4,728.4,1365.3,1077.7,1442.8
 mRNA.  /FEA=mRNA /GEN=CALM1 /PROD=calmodulin 1 (phosphorylase kinase,1459.6,1095.2,1517.5,1274.4,998.1,1652.8,788.1,901.8,603.6,938.8,754.0,1586.1,1897.3,589.9,377.7,481.3
 mRNA.  /FEA=mRNA /GEN=CALM3 /PROD=calmodulin 3 (phosphorylase kinase,103.9,91.5,75.2,87.4,58.7,80.6,34.9,41.1,22.7,109.9,18.6,113.7,64.8,62.3,54.6,54.4
 mRNA.  /FEA=mRNA /GEN=DDX5 /PROD=DEADH (Asp-Glu-Ala-AspHis) box polypeptide 5 /DB_XREF=gi:13514826 /UG=Hs.76053 DEADH (Asp-Glu-Ala-AspHis) box polypeptide 5 (RNA helicase,1380.4,4015.1,4124.9,1832.2,2329.6,1924.8,1463.5,2599.7,2112.7,336.2,446.0,1283.2,342.5,2636.1,2148.1,2994.2
 mRNA.  /FEA=mRNA /GEN=EIF3S8 /PROD=eukaryotic translation initiation factor 3,538.5,522.6,492.0,1216.6,598.8,949.8,251.0,238.0,114.7,243.3,207.2,240.5,309.6,692.8,479.8,505.8
 mRNA.  /FEA=mRNA /GEN=EIF4G2 /PROD=eukaryotic translation initiation factor 4gamma,1074.2,2274.5,2825.1,827.3,995.8,1018.4,1260.5,1409.7,675.3,354.3,482.2,905.8,641.0,1858.6,1430.4,2310.1
 mRNA.  /FEA=mRNA /GEN=GNB2L1 /PROD=guanine nucleotide binding protein (G protein),1563.0,505.8,928.2,1601.2,1195.1,2153.9,1139.6,1114.3,640.2,487.1,375.4,364.4,233.3,1531.5,704.1,1159.7
 mRNA.  /FEA=mRNA /GEN=ILF2 /PROD=interleukin enhancer binding factor 2,147.2,315.0,363.4,129.2,135.0,211.7,54.7,88.6,51.2,68.1,35.4,74.1,85.0,104.8,69.8,143.9
 mRNA.  /FEA=mRNA /GEN=NEDD5 /PROD=neural precursor cell expressed,1226.1,1818.8,2275.1,3104.3,2786.1,3247.3,2656.8,2755.1,1745.0,628.3,592.0,827.0,919.0,3297.5,2492.3,3579.7
 mRNA.  /FEA=mRNA /GEN=NONO /PROD=non-Pou domain-containing octamer (ATGCAAAT)binding protein /DB_XREF=gi:7657382 /UG=Hs.172207 non-POU-domain-containing,881.4,1442.3,1508.9,1576.7,1324.1,1891.8,664.8,909.6,471.1,334.8,400.2,578.4,402.3,943.9,516.2,969.8
 mRNA.  /FEA=mRNA /GEN=PRP8 /PROD=U5 snRNP-specific protein (220 kD),367.1,292.8,349.9,183.2,115.8,195.0,325.0,293.1,159.6,269.7,230.9,167.3,191.5,385.2,309.5,397.4
 mRNA.  /FEA=mRNA /GEN=SOD1 /PROD=superoxide dismutase 1,841.7,2270.7,2465.9,1588.9,2042.5,2645.1,1245.1,1654.6,752.6,439.1,315.4,489.7,700.2,2260.5,1452.0,2175.2
 mRNA.  /FEA=mRNA /GEN=SSR2 /PROD=signal sequence receptor,587.2,562.8,787.9,575.5,349.7,626.1,473.4,756.8,525.0,183.3,148.1,565.7,849.0,581.7,340.3,635.4
 mRNA.  /FEA=mRNA /GEN=YWHAZ /PROD=tyrosine 3-monooxygenasetryptophan5-monooxygenase activation protein,553.0999999999999,938.0,1126.85,1153.4,1691.65,2488.35,1707.05,2457.05,1765.1999999999998,245.4,258.0,434.75,482.25,2335.35,2050.4,3059.65
 mRNA. /FEA=mRNA /GEN=CAPN4 /PROD=calpain 4 small subunit /DB_XREF=gi:4502564 /UG=Hs.74451 calpain 4,229.5,419.8,443.4,182.1,111.9,233.2,175.8,207.5,167.7,146.9,96.0,200.5,278.4,287.0,151.2,293.6
 mRNA. /FEA=mRNA /GEN=CLTC /PROD=clathrin heavy chain /DB_XREF=gi:4758011 /UG=Hs.178710 clathrin,479.2,1624.3,1771.3,1527.7,1961.2,2189.9,2173.3,3615.8,2730.4,304.1,256.6,709.0,593.7,3123.4,2706.7,3786.6
 mRNA. /FEA=mRNA /GEN=DSP /PROD=desmoplakin (DPI,686.0,2227.4,2210.5,2248.6,2165.3,2889.4,2081.0,1924.6,797.6,327.9,341.8,647.7,444.2,2868.2,2220.4,2827.4
 mRNA. /FEA=mRNA /GEN=SFRS9 /PROD=splicing factor,379.6,1025.2,1197.4,261.2,441.9,493.9,280.4,365.3,192.6,166.2,164.3,307.4,235.9,394.6,347.7,530.4
 mRNA. /FEA=mRNA /GEN=WDR1 /PROD=WD repeat-containing protein 1,426.8,611.0,568.6,575.9,498.8,699.5,464.9,447.7,346.6,154.8,143.4,360.0,238.8,563.5,343.6,621.1
 member 1 (ABCF1),275.4,334.6,380.0,298.5,267.4,357.7,295.0,317.2,214.5,159.6,172.9,166.1,206.5,325.8,270.3,409.3
 member 1 /FL=gb:BC002352.1 gb:NM_006145.1 gb:D49547.1,83.2,100.6,88.4,68.8,64.0,118.0,63.7,82.8,69.4,47.4,37.2,66.7,75.5,56.3,52.3,47.1
 member A,596.5,2097.9,2167.1,1364.2,1310.4,1745.6,928.5,1427.1,1004.2,280.5,216.0,387.7,231.1,1805.4,1586.3,2551.9
 non-erythrocytic 1 (SPTBN1),51.5,55.2,35.6,49.8,5.7,6.8,25.1,21.3,30.7,34.4,41.5,41.7,34.9,36.3,25.7,45.2
 non-erythrocytic 1 /FL=gb:M96803.1 gb:NM_003128.1,4.7,1.9,2.8,1.4,0.9,2.7,1.0,3.4,0.8,3.2,2.5,1.5,1.9,1.8,2.1,0.9
 nuclear gene encoding mitochondrial protein,855.7,1885.45,2127.35,2162.3999999999996,2124.0,2420.15,2078.95,2368.35,1783.0,335.85,334.7,731.7,575.9000000000001,3102.65,2293.65,3200.85
 numatrin),2164.8,2915.4,3781.0,2982.4,3572.6,4378.6,4260.5,4696.4,4291.1,577.5,961.3,1254.3,770.4,3047.2,2811.5,3971.2
 partial cds,109.4,116.6,134.2,86.6,78.9,119.0,52.2,62.5,31.4,58.7,76.1,83.6,59.7,57.5,22.7,64.5
 regulatory,339.15000000000003,952.3000000000001,1101.1,461.4,366.05,345.4,549.75,683.5,419.5,113.6,123.75,247.25,123.3,781.55,584.2,905.0
 serine-rich domain,559.7,623.6,784.0,494.1,389.5,524.8,350.9,567.4,263.6,600.7,480.8,669.7,552.0,337.0,363.3,512.8
 subfamily B,183.5,311.4,340.5,212.2,191.9,189.3,201.8,359.3,175.7,158.2,98.1,148.6,182.7,341.2,218.8,373.7
 zeta polypeptide,217.9,689.4,653.2,160.8,407.0,417.9,146.4,236.4,104.5,29.7,55.7,327.3,63.6,221.8,177.5,363.4
 zeta polypeptide /FL=gb:BC003623.1 gb:M86400.1 gb:NM_003406.1 gb:U28964.1,41.9,72.7,59.9,70.4,66.2,71.1,19.6,34.2,21.8,21.6,38.9,37.3,45.6,40.9,31.0,52.1
AB010427,162.2,208.3,262.9,131.3,102.3,202.5,56.5,77.7,70.5,73.1,93.3,286.2,170.4,83.7,57.7,97.0
AF052179,698.0,1397.4,1607.5,346.8,400.3,599.5,370.6,611.8,334.8,373.3,313.6,601.8,759.5,603.7,431.8,596.0
AF061832,367.4,761.2,885.5,169.2,169.3,124.7,147.3,200.0,102.8,134.4,134.6,237.7,93.8,222.1,153.7,257.5
AF285758,204.3,280.1,287.0,375.0,206.4,245.4,231.2,253.0,139.5,115.2,81.9,136.7,135.6,494.4,181.8,306.5
AI955655,2616.0,4008.1,4746.1,1884.1,2203.6,2441.2,2661.9,3178.8,2146.7,1020.4,1234.1,2268.4,2291.5,2421.9,2311.1,2742.6
AL567295,34.6,146.0,147.5,91.4,67.1,120.1,50.2,103.9,97.8,21.8,4.5,50.4,64.3,141.9,87.2,130.6
AV685208,53.3,236.4,203.9,32.6,34.2,45.1,36.5,47.3,31.4,97.0,60.1,96.1,80.2,61.9,28.0,55.6
BF224259,159.2,261.8,325.1,188.0,206.5,233.4,146.1,172.8,73.0,75.4,70.1,112.1,79.7,176.2,116.7,222.1
D13988,22.4,61.7,59.6,79.2,50.0,66.8,35.2,26.5,32.1,25.4,52.3,23.3,31.5,53.3,53.0,60.0
D87914,2663.2,3496.4,3896.5,2175.6,2692.4,3659.1,1513.8,2269.7,1131.8,1900.3,2024.6,2762.7,2870.6,1063.8,858.2,1058.2
EPH receptor B3,22.3,8.6,7.2,39.2,3.8,7.3,11.7,4.6,7.0,16.0,4.2,20.1,18.0,9.7,12.1,17.4
J02843,24.7,20.1,12.9,23.7,13.8,19.0,13.7,19.2,8.7,14.1,16.6,4.2,20.5,19.3,16.0,18.2
L00635,22.1,13.8,33.3,16.3,19.4,23.0,6.1,2.6,6.2,3.5,10.1,12.2,19.2,22.7,13.9,21.4
L05095,2112.4,2747.5,2870.1,7693.7,8650.0,10616.7,5936.1,6496.5,4350.7,995.0,714.8,668.2,761.8,6895.9,5108.7,7154.2
L13720,914.1,579.1,922.2,520.5,311.3,374.5,304.1,205.2,133.8,985.7,660.1,1211.3,628.8,273.7,129.2,151.7
L13852,242.5,396.2,391.5,155.9,68.7,123.6,106.4,97.6,59.7,257.6,199.5,171.3,174.4,164.3,76.4,130.5
L36861,13.6,23.2,15.3,6.8,9.2,5.7,11.5,12.2,9.4,10.2,18.9,3.9,15.8,16.1,6.5,12.0
L41690,168.3,162.5,197.3,122.8,94.0,103.7,60.5,107.8,42.4,78.8,92.3,149.0,162.9,110.1,58.3,77.7
M21121,20.7,18.6,6.8,35.4,10.8,6.9,21.5,15.5,38.1,18.1,28.7,51.8,26.9,4.5,1.3,7.8
M33318,72.8,137.2,264.0,74.2,64.6,62.6,50.0,268.9,34.9,39.7,77.2,54.5,56.8,53.7,40.6,53.8
M61715,7.8,10.6,19.6,26.9,27.4,93.9,3.2,5.8,17.4,4.1,4.5,9.1,4.7,37.1,17.5,72.0
M94859,853.4,1836.4,2431.4,2442.3,2227.0,2773.8,2741.3,3934.8,2496.5,436.4,400.1,711.6,766.9,2665.8,2334.3,3474.9
NM_000308,170.7,209.3,286.9,83.8,75.8,187.5,21.8,73.9,95.5,88.1,137.6,146.1,177.8,78.9,60.8,137.4
NM_000661,3792.6,3916.5,4878.1,4704.6,5095.8,5623.6,4527.0,3771.1,2769.2,1748.3,1541.0,1376.6,1076.7,4707.7,3485.8,4660.1
NM_000970,1186.3,858.1,1133.4,2591.1,2538.3,3436.1,1632.7,1541.7,932.7,636.7,394.9,509.3,379.2,2376.6,1716.8,2381.4
NM_000975,923.3,375.7,631.4,664.5,435.0,634.6,1864.0,1718.5,780.5,581.3,256.8,201.1,261.0,1250.4,974.1,1442.1
NM_000979,2886.8,1668.7,2020.3,2003.9,1583.6,2847.2,1087.7,1259.0,640.1,1761.7,1357.9,1097.9,1063.8,720.7,568.0,579.6
NM_000981,1782.3,1552.1,1733.1,2544.4,2665.3,4406.1,1132.9,1139.0,819.4,981.4,689.9,3591.1,6182.3,1166.1,651.2,842.6
NM_000982,2610.2,2039.4,2444.5,3238.7,2580.3,4181.1,1859.5,1376.2,972.8,1336.8,990.5,1066.7,1154.9,2422.2,1701.2,2166.6
NM_000985,4875.7,3984.7,4600.4,1859.3,2006.4,2884.4,4001.5,4284.3,2152.1,3192.3,2063.7,1434.5,1506.4,3284.8,2364.1,3129.0
NM_000986,906.6,863.2,1281.6,1881.1,1663.3,2823.5,1097.0,816.0,617.8,590.7,316.3,295.3,304.7,775.6,565.0,777.1
NM_000988,5024.6,4722.2,5512.6,3690.4,3772.1,5915.2,6029.1,6635.8,4517.3,3503.3,2936.7,2877.9,2824.1,4278.6,3248.8,4418.8
NM_000991,2972.1,1603.7,2126.4,202.4,123.5,284.1,972.0,1358.2,675.0,1986.8,1296.5,1721.4,2092.7,613.4,411.9,388.5
NM_000995,2962.9,2629.1,3202.3,2961.9,1712.6,2537.1,5835.8,3961.9,2385.8,3838.6,1833.9,1016.1,1028.5,6667.0,3919.7,5076.5
NM_001009,2147.6,1480.5,1652.6,1138.4,873.2,1867.6,857.9,857.0,315.5,1604.3,1042.2,1190.0,1367.0,737.8,495.1,561.6
NM_001015,6109.6,3959.0,4383.6,5031.7,3663.7,5125.5,4325.7,5385.6,2699.9,3817.0,2874.2,2716.7,3230.7,3206.0,2651.7,3276.0
NM_001017,1727.6,1811.2,2365.2,4222.3,4349.1,5842.9,3201.8,3296.4,1649.2,1092.9,988.2,777.0,1169.4,3609.1,2707.4,3824.8
NM_001344,390.4,1122.7,1412.0,926.8,936.2,1678.0,1046.5,1367.4,1035.7,409.8,175.8,422.9,406.4,1791.6,1363.5,2291.3
NM_001494,590.9,1103.7,1312.1,2154.0,1754.3,2706.7,1570.7,2243.7,1471.5,363.7,234.0,477.3,495.2,1927.0,1336.8,2197.1
NM_001659,175.9,737.5,793.6,775.5,577.1,804.4,634.4,712.7,515.2,153.2,66.9,157.7,164.4,929.9,559.1,1125.3
NM_001780,2151.7,4639.5,5546.7,1618.1,1955.6,2029.3,2050.8,2587.9,3446.9,1242.1,664.3,1496.4,1142.7,2926.6,2280.8,3253.1
NM_001997,7727.0,4960.5,6007.4,4776.2,4072.5,6523.7,2397.6,2293.2,1051.7,5339.2,3817.3,3223.2,4620.9,1206.5,857.9,920.7
NM_002065,20.9,180.9,155.9,33.5,44.5,102.8,17.3,129.6,35.1,25.6,27.0,41.7,3.8,20.9,28.2,55.2
NM_002136,4822.5,5456.3,6441.0,6029.2,5980.1,6073.9,5380.9,6327.0,3493.2,1975.2,2420.6,2358.1,1308.6,4794.0,4216.2,5239.8
NM_002444,354.1,356.2,521.8,141.6,187.4,149.2,164.7,278.3,208.6,115.3,155.0,379.4,342.4,308.1,183.1,239.4
NM_002634,229.4,152.4,246.5,197.7,134.7,268.2,100.1,104.5,38.9,178.2,84.5,90.3,118.1,109.2,63.8,97.5
NM_002954,2011.2,1795.0,2008.6,2395.0,2434.5,2973.9,2352.1,1515.8,846.5,477.6,682.3,718.0,651.4,1835.8,1135.0,2060.7
NM_003011,474.4,1377.5,1563.9,1740.2,1433.6,1710.2,1153.9,1180.8,750.8,184.7,123.5,219.1,132.2,2518.6,2127.2,3209.1
NM_003134,2671.7,3814.4,4468.4,1847.6,1714.0,2438.0,1285.6,1758.7,938.7,1455.2,1161.1,1902.0,2100.0,1326.0,1364.9,1941.6
NM_003299,566.3,1428.0,1456.5,668.0,824.4,913.3,407.6,661.8,308.7,189.3,150.8,365.0,355.0,739.0,460.9,977.5
NM_003340,94.5,378.8,397.4,489.9,552.8,772.0,209.2,238.1,199.6,51.4,40.0,107.6,78.5,373.7,302.5,644.1
NM_003403,258.9,903.4,965.0,930.9,901.3,1364.8,592.9,732.2,430.9,202.4,163.1,256.6,283.8,961.7,1070.9,1277.4
NM_003904,84.0,105.3,126.7,110.9,126.9,164.4,95.3,99.9,70.2,42.0,57.7,82.7,72.1,118.8,93.2,113.3
NM_004078,1024.5,311.3,431.9,1889.6,991.3,929.9,783.6,232.9,197.9,546.7,298.2,203.2,183.5,1214.8,272.0,390.5
NM_004184,156.6,261.2,294.3,561.6,631.9,2057.3,183.0,175.7,161.1,117.6,80.9,326.8,149.4,261.7,272.2,559.2
NM_004450,327.6,1435.2,946.1,1391.4,2612.3,2450.3,405.9,371.6,276.0,29.0,180.5,361.1,286.5,597.2,655.2,1034.0
NM_004500,372.7,1040.7,1226.4,1029.1,1185.5,1344.2,895.5,1031.1,393.1,149.8,147.6,262.0,220.3,1711.2,1198.4,1938.1
NM_004501,441.4,2048.7,1717.2,504.7,660.7,610.4,557.4,715.8,412.7,169.7,276.5,338.9,225.0,645.3,614.9,1044.2
NM_004539,1031.0,2172.0,2124.6,2647.5,2316.3,3553.5,3123.2,4466.2,2073.3,502.5,558.3,536.7,725.8,3166.4,2499.3,3758.5
NM_004640,155.5,487.6,346.1,1273.5,567.3,1307.7,145.5,136.2,120.4,180.0,107.3,162.7,157.6,469.9,152.4,405.0
NM_004872,333.4,2220.0,2482.2,679.6,774.5,1085.9,731.7,818.4,393.8,157.9,158.7,246.0,229.0,1357.4,1437.2,1429.7
NM_004890,378.4,458.5,549.1,204.6,137.0,174.8,87.7,89.8,49.7,162.5,130.0,154.9,149.7,127.3,96.0,127.4
NM_005022,67.2,184.6,210.0,55.1,58.9,84.1,31.8,24.6,17.4,57.9,78.1,69.5,52.6,34.2,9.6,36.9
NM_005080,461.9,3291.7,3503.2,2555.3,3334.4,4623.7,997.9,1372.2,453.7,295.9,229.7,325.3,246.9,1711.1,1543.6,2488.2
NM_005146,146.9,171.0,161.6,65.0,31.8,71.5,43.0,44.5,24.5,118.3,96.0,138.3,128.3,43.8,14.8,23.2
NM_005336,132.8,183.2,200.7,88.5,46.3,144.1,31.0,43.1,27.2,70.2,39.9,120.9,198.6,82.1,23.7,66.7
NM_005381,999.1,1530.4,1669.7,3284.0,3511.4,4402.1,1108.9,1104.4,392.3,274.4,300.8,925.4,368.3,1084.1,766.4,1058.2
NM_005507,2858.3,4863.2,4552.2,5403.7,5854.1,7104.7,2970.3,4242.5,3025.3,310.9,1572.6,3865.2,3608.0,4734.3,3512.2,4850.2
NM_005566,639.4,1946.2,2166.2,3405.0,5023.2,6657.0,1956.1,3324.0,1701.6,263.4,314.0,654.4,536.3,3451.8,2517.9,4350.4
NM_005620,107.6,171.4,161.9,55.4,67.6,133.1,60.9,42.7,81.2,38.0,29.1,111.5,93.7,90.1,50.2,65.3
NM_006096,615.8,705.9,950.5,1294.5,3689.6,5673.3,1776.8,1306.4,971.8,606.0,400.4,287.0,205.6,1332.9,405.7,602.8
NM_006148,129.4,724.2,875.8,454.3,286.7,448.7,330.0,528.6,411.4,120.3,155.5,852.4,1699.8,441.9,400.2,570.4
NM_006184,8.5,14.4,26.1,26.3,17.0,18.9,14.4,10.9,3.9,10.2,5.7,23.7,3.5,9.6,10.3,21.9
NM_006265,314.5,708.4,809.0,227.8,373.6,327.0,360.4,398.3,175.5,111.1,166.9,211.1,123.3,522.5,607.0,791.8
NM_006333,73.4,189.8,219.8,104.3,101.9,144.0,72.9,87.3,22.4,9.4,28.4,58.6,17.9,185.0,78.8,174.0
NM_006367,324.7,749.7,960.6,716.9,713.1,1191.6,568.7,615.2,412.5,143.8,105.5,257.7,168.6,988.5,626.5,1207.1
NM_006559,623.1,1377.7,1688.8,1384.2,1396.7,1640.9,1263.5,1614.1,718.7,223.9,287.7,370.7,329.6,1724.8,1135.6,2040.0
NM_006694,560.6,1370.8,2155.2,1996.9,1880.9,3386.6,976.7,1149.4,768.3,371.9,242.4,293.1,382.8,1141.5,714.9,1241.7
NM_007067,79.6,122.6,89.1,361.3,203.9,259.9,284.9,207.3,91.9,58.3,96.3,76.9,86.1,275.2,245.9,354.3
NM_007104,1191.1,745.1,875.5,2770.6,2121.4,3663.0,1386.9,1432.3,848.0,579.5,354.8,316.2,312.1,1932.4,770.9,1419.5
NM_007145,411.3,773.4,784.4,583.1,430.8,487.9,410.6,703.8,278.3,156.1,283.9,308.7,333.9,507.4,465.6,615.5
NM_007209,1633.6,1084.5,1227.7,2054.5,1801.7,2954.6,2257.6,2036.8,1200.5,1060.1,745.1,662.5,839.4,1474.2,804.3,1181.3
NM_007262,2421.0,4322.3,4913.9,3521.9,3866.7,4831.9,3850.2,4565.5,2460.8,934.4,987.5,1577.9,2252.2,4675.6,3811.4,5410.1
NM_007278,706.2,1136.4,1298.0,1323.3,1020.7,1785.2,894.1,879.9,713.1,419.6,234.5,268.4,288.5,1094.8,620.1,1133.1
NM_007375,349.6,558.3,567.7,738.1,890.5,735.1,837.1,1031.2,596.9,222.8,127.0,185.3,192.6,1523.3,1082.9,1790.3
NM_014306,401.6,651.2,655.7,554.9,396.9,534.1,403.3,414.4,225.2,242.9,202.6,308.4,328.0,526.2,450.6,673.0
NM_014730,194.8,278.9,297.5,174.6,216.9,446.8,144.4,302.5,145.3,107.2,125.2,154.6,150.5,375.5,170.9,272.3
NM_014765,539.4,1205.5,1216.5,715.2,736.6,736.2,949.0,783.1,355.6,109.5,139.4,428.4,215.8,1104.8,1185.5,1572.4
NM_015343,139.2,170.5,191.8,199.2,147.3,244.7,82.6,83.9,40.5,166.7,129.1,105.3,89.0,114.4,52.9,66.9
NM_016587,578.1,1511.8,1717.2,1516.9,1852.0,2304.1,1130.6,1614.6,715.2,355.6,310.2,479.1,610.4,1590.1,1266.9,1570.5
NM_018834,198.2,1181.8,1036.9,433.9,414.1,378.5,448.4,352.1,129.3,56.0,74.2,147.0,32.1,809.9,885.7,1120.1
NM_018955,6668.2,8261.0,9422.3,4699.2,4635.8,6735.8,5958.3,6017.7,3944.9,4399.3,4213.4,4952.2,6431.6,4474.1,3887.2,4860.9
NM_020151,385.1,690.8,748.4,945.5,892.7,789.2,889.6,984.5,593.4,153.0,268.0,320.9,460.2,820.5,675.7,1085.9
NM_023009,233.5,694.5,813.8,514.8,575.7,619.7,568.1,754.6,465.3,182.0,173.4,434.9,501.7,613.2,493.1,832.0
RAD21 homolog (S. pombe),95.6,153.7,158.0,61.6,53.5,153.7,38.0,43.6,54.9,72.5,63.9,75.6,114.8,84.0,69.1,83.7
SET nuclear proto-oncogene /// SET-like protein,840.5,943.9,1079.4,1516.0,1201.6,2081.8,1832.4,1602.8,1679.0,312.4,514.7,789.9,656.3,1352.4,778.7,1331.0
U16738,1713.8,1409.0,1881.7,819.0,856.2,1040.4,757.7,604.6,431.0,543.3,598.7,556.3,437.3,885.4,579.6,821.4
U38545,28.1,39.9,12.5,30.4,21.3,24.8,40.1,15.3,16.3,7.6,26.6,24.2,26.9,39.8,8.7,29.6
U38980,155.5,133.6,150.6,130.2,67.9,107.4,78.2,73.5,36.8,78.1,78.0,98.4,110.7,66.3,53.1,43.2
U48705,682.3,952.7,1177.6,776.1,570.3,929.5,629.2,692.4,332.5,504.1,495.2,509.9,739.7,647.5,534.4,692.9
U66879,22.5,30.0,36.7,12.2,20.8,22.0,1.0,5.2,1.2,18.6,12.2,22.8,26.4,9.5,10.2,10.2
X55005,68.9,44.4,55.9,54.5,32.5,38.2,30.8,24.2,16.2,38.7,57.3,41.4,44.6,34.8,13.6,28.4
anaphase promoting complex subunit 5,752.7,671.8,853.5,848.0,572.8,952.4,568.4,651.2,285.1,447.4,530.7,749.0,462.9,815.0,539.1,669.6
chromosome 11 open reading frame 58,431.3,1269.9,1314.7,841.0,739.2,881.3,437.4,782.1,234.0,147.0,232.0,237.7,178.6,634.1,471.1,833.6
cytochrome c oxidase subunit IV isoform 1,829.5,731.4,895.9,722.3,565.8,572.1,728.7,758.3,479.3,455.3,335.7,455.3,708.2,661.5,334.8,487.4
eukaryotic translation elongation factor 2,1183.7,873.5,1165.0,1456.2,2056.6,2484.7,986.2,1703.1,904.1,948.1,549.1,1259.4,732.4,1248.4,655.2,1012.0
heat shock 70kDa protein 6 (HSP70B'),29.4,49.7,57.0,34.5,16.5,28.5,23.0,64.1,31.1,19.5,23.7,23.9,21.1,19.9,15.5,24.5
heat shock protein 90kDa beta (Grp94),427.7,928.8,896.8,327.4,440.2,620.5,172.1,264.5,148.5,125.7,129.5,408.0,301.2,425.1,163.0,263.6
heterogeneous nuclear ribonucleoprotein K,696.2,1535.1,1714.2,699.9,862.1,815.1,1220.1,1188.1,595.8,100.6,174.0,334.1,100.6,1641.3,1240.6,1884.2
histidine triad nucleotide binding protein 1,467.4,586.8,837.4,781.6,911.1,1360.5,417.1,292.9,204.8,206.5,171.2,336.3,339.4,391.1,382.8,724.1
matrin 3 /// small nucleolar RNA host gene 4 (non-protein coding),77.1,253.1,210.4,111.4,86.5,135.1,67.6,54.0,62.7,36.6,53.6,68.0,57.2,127.9,96.6,149.5
matrix metallopeptidase 14 (membrane-inserted),126.3,120.3,156.6,111.8,61.4,101.8,77.6,100.9,51.1,75.7,82.5,131.5,89.5,68.4,42.8,59.2
paired box 8,158.5,286.6,324.3,229.6,154.0,237.8,143.5,196.4,134.7,96.0,141.1,158.7,217.5,192.1,136.4,175.6
prohibitin,262.8,354.7,388.4,96.6,89.6,131.6,51.3,43.5,23.0,166.3,50.6,157.1,211.6,35.5,27.6,31.2
protein tyrosine phosphatase,3.8,17.2,7.2,2.4,3.1,2.0,1.0,4.7,2.9,2.7,3.1,3.0,15.1,1.9,4.4,10.1
ribosomal protein L37,3888.3,2920.6,3395.9,2709.8,2515.3,3331.7,3493.2,3653.3,2400.3,3846.4,2343.4,2981.1,1926.2,2765.0,2035.4,2912.7
ribosomal protein L4 /// small nucleolar RNA,4527.9,3430.4,4217.7,2857.2,3042.8,3945.0,3223.1,3441.5,2155.5,2486.5,2465.5,2498.7,2332.1,3193.3,2417.9,3096.6
ribosomal protein S10,8687.2,7565.8,8129.3,8263.9,7465.1,10615.5,11150.7,10044.1,6801.0,9757.2,5652.5,5410.1,5953.9,9292.9,7596.9,8352.0
ribosomal protein S25,2719.8,2452.6,2808.6,1861.3,2048.9,2641.8,2462.4,3204.6,1696.2,1342.3,1062.9,1181.1,948.4,2383.7,2044.6,2705.2
ribosomal protein S6,2122.9,1073.4,1231.7,3656.4,3362.1,4601.5,1432.9,1341.9,867.6,1126.8,944.8,807.5,779.8,1981.5,1028.4,1619.3
ribosomal protein S7,284.8,277.7,292.2,536.0,549.4,777.9,598.7,391.8,305.6,147.7,173.0,185.5,234.4,799.3,373.8,620.0
squamous cell carcinoma antigen recognized by T cells 3,158.5,263.3,283.7,321.4,159.8,303.2,296.6,347.3,120.6,87.3,89.2,121.2,89.4,417.1,219.8,288.9
ubiquitin specific peptidase 22,549.3,657.7,829.4,369.0,401.4,485.1,436.7,440.4,294.0,357.3,288.0,264.9,196.4,754.5,372.0,636.3
ubiquitin-conjugating enzyme E2D 3,492.3,993.9,996.5,778.1,888.4,1097.3,919.7,938.1,689.6,259.7,236.4,246.8,228.8,1003.7,881.4,1332.8
